{
  "name": "tibco-append-arrays-v3",
  "type": "flogo:activity",
  "ref": "github.com/git-suraj/flogo-components/activity/appendarraysv3",
  "version": "0.0.1",
  "title": "Append Arrays v3",
  "description": "append two arrays",
  "homepage":"https://github.com/git-suraj/flogo-components/tree/master/activity/appendarraysv3",
  "settings":[
  ],
  "input":[
    {
      "name": "array1",
      "type": "string",
      "required": true
    },
    {
      "name": "array2",
      "type": "string",
      "required": true
    }
  ],
  "output": [
    {
      "name": "output",
      "type": "array",
      "required": true
    }
  ]
}
