{
  "title": "Parse JSON",
  "name": "Parse-JSON",
  "author": "Suraj",
  "type": "flogo:activity",
  "version": "1.1.0",
  "display": {
    "visible": true,
    "description": "This activity parses a json string into object",
    "category": "Utility"
  },
  "ref": "parsejson",
  "inputs": [
    {
      "name": "item",
      "type": "complex_object",
      "display": {
        "description": "JSON data or schema for the input",
        "type": "texteditor",
        "syntax": "json",
        "name": "Input Schema",
        "mappable": false
      }
    } ,
    {
      "name": "input",
      "type": "string",
      "required": true
    }

  ],
  "outputs": [
    {
      "name": "output",
      "type": "array"
    }
  ]
}